{
  "coefficients": {
    "1": 0.7069192246342931,
    "wave": -0.04324293096905252,
    "pip": 0.6018829414388065,
    "wave^2": 0.09589509850633254,
    "pip^2": -1.466786881014726,
    "wave*pip": 0.5369110184414215,
    "(m-0.045)": -4.195764821992556
  },
  "diagnostics": {
    "r2": 0.6016782035352899,
    "rmse": 0.054072319977622296,
    "n": 60,
    "weighted": true,
    "mu_min": 0.5583911780470628,
    "mu_max": 0.849816384717783,
    "mu_mean": 0.7571783186644244
  },
  "equation": "f1*(wave, pip, m) = (m\u00b7g/2) / \u03bc_eff,   \u03bc_eff = (+0.7069\u00b71) + (-0.0432\u00b7wave) + (+0.6019\u00b7pip) + (+0.0959\u00b7wave^2) + (-1.4668\u00b7pip^2) + (+0.5369\u00b7wave*pip) + (-4.1958\u00b7(m-0.045))   [angles in rad]",
  "seed_noise_sigma_rel": {
    "0.03": 0.015000000000000001,
    "0.06": 0.0894
  },
  "fragile_regime": {
    "pips_deg": [
      -5.0
    ],
    "n_conditions": 15,
    "reason": "audit: boundary existence seed-dependent (bimodal)"
  },
  "coefficients_global": {
    "1": 0.7968151119340724,
    "wave": 0.07354207427005091,
    "pip": 1.1491785824245249,
    "wave^2": -0.07420573965374605,
    "pip^2": -7.877209480048554,
    "wave*pip": -0.40254397073431625,
    "(m-0.045)": 2.391892697146181
  },
  "diagnostics_global": {
    "r2": 0.06795932163849316,
    "rmse": 0.2735430601565066,
    "n": 78,
    "weighted": false,
    "mu_min": 0.3333333333333333,
    "mu_max": 1.9265086882215126,
    "mu_mean": 0.7822641436301618
  },
  "support_regime": {
    "n_conditions": 12,
    "postures": [
      [
        -15.0,
        -2.0
      ],
      [
        0.0,
        -2.0
      ],
      [
        7.5,
        -2.0
      ],
      [
        15.0,
        -2.0
      ]
    ],
    "f_star_range": [
      0.1511178257658148,
      0.3055267819961796
    ]
  },
  "mu_eff_by_mass": {
    "0.03": 0.808483702593686,
    "0.06": 0.7023346323952139,
    "0.12": NaN
  },
  "n_conditions": 120
}