{
  "coefficients": {
    "1": 0.6508013938804257,
    "wave": -0.027130606492082543,
    "pip": 2.166756132721215,
    "wave^2": -0.07582294978631476,
    "pip^2": -7.092704425974764,
    "wave*pip": 0.36981413827273657
  },
  "diagnostics": {
    "r2": 0.768206396123287,
    "rmse": 0.07238969259244366,
    "n": 69,
    "mu_min": 0.3333333333333333,
    "mu_max": 0.849816384717783,
    "mu_mean": 0.7085150489154963
  },
  "equation": "f1*(wave, pip, m) = (m\u00b7g/2) / \u03bc_eff,   \u03bc_eff = (+0.6508\u00b71) + (-0.0271\u00b7wave) + (+2.1668\u00b7pip) + (-0.0758\u00b7wave^2) + (-7.0927\u00b7pip^2) + (+0.3698\u00b7wave*pip)   [angles in rad]",
  "coefficients_global": {
    "1": 0.8059991215122654,
    "wave": 0.07564425275032016,
    "pip": 1.0661516321351308,
    "wave^2": -0.21073299960006797,
    "pip^2": -7.610845540763996,
    "wave*pip": -0.4186718277013166
  },
  "diagnostics_global": {
    "r2": 0.042685534204781495,
    "rmse": 0.27722703378630237,
    "n": 78,
    "mu_min": 0.3333333333333333,
    "mu_max": 1.9265086882215126,
    "mu_mean": 0.7822641436301618
  },
  "support_regime": {
    "n_conditions": 12,
    "postures": [
      [
        -15.0,
        -2.0
      ],
      [
        0.0,
        -2.0
      ],
      [
        7.5,
        -2.0
      ],
      [
        15.0,
        -2.0
      ]
    ],
    "f_star_range": [
      0.1511178257658148,
      0.3055267819961796
    ]
  },
  "mu_eff_by_mass": {
    "0.03": 0.7511828747013293,
    "0.06": 0.6722381735183771,
    "0.12": 0.3333333333333333
  },
  "n_conditions": 120
}